Puu_lehtipuu,24487888.56,91.314835,6818153.564,0,2,2,2
Puu_lehtipuu,24487892.81,90.912834,6818162.814,0,2,2,2
Puu_lehtipuu,24487893.94,91.147835,6818159.937,0,2,2,2
Puu_lehtipuu,24487894.19,90.904839,6818160.189,0,2,2,2
Puu_lehtipuu,24487897.12,91.11084,6818161.116,0,2,2,2
Puu_lehtipuu,24487897.45,91.11084,6818159.452,0,2,2,2
Puu_lehtipuu,24487896.83,91.255836,6818156.83,0,2,2,2
Puu_lehtipuu,24487894.89,91.248833,6818155.886,0,2,2,2
Puu_lehtipuu,24487894.98,91.289833,6818154.981,0,2,2,2
Puu_lehtipuu,24487899.37,91.324837,6818153.374,0,2,2,2
Puu_lehtipuu,24487905.62,91.089836,6818160.623,0,2,2,2
Puu_lehtipuu,24487903.26,91.304832,6818157.255,0,2,2,2
Puu_lehtipuu,24487903.97,91.306831,6818153.974,0,2,2,2
Puu_lehtipuu,24487901.18,91.424835,6818150.176,0,2,2,2
Puu_lehtipuu,24487905.66,91.301834,6818147.659,0,2,2,2
Puu_lehtipuu,24487903.86,91.238831,6818144.861,0,2,2,2
Puu_lehtipuu,24487902.37,91.583832,6818143.372,0,2,2,2
Puu_lehtipuu,24487902.35,91.676834,6818142.347,0,2,2,2
Puu_lehtipuu,24487900.33,91.501831,6818139.331,0,2,2,2
Puu_lehtipuu,24487896.34,91.502838,6818140.343,0,2,2,2
Puu_lehtipuu,24487893.63,91.481834,6818139.625,0,2,2,2
Puu_lehtipuu,24487894.37,91.479836,6818140.371,0,2,2,2
Puu_lehtipuu,24487893.49,91.523834,6818141.491,0,2,2,2
Puu_lehtipuu,24487895.16,91.401833,6818141.161,0,2,2,2
Puu_lehtipuu,24487894.58,91.384834,6818142.581,0,2,2,2
Puu_lehtipuu,24487894.98,91.346832,6818143.978,0,2,2,2
Puu_lehtipuu,24487888.7,91.367836,6818146.702,0,2,2,2
Puu_lehtipuu,24487889,91.250839,6818146.003,0,2,2,2
Puu_lehtipuu,24487889.04,91.186836,6818144.037,0,2,2,2
Puu_lehtipuu,24487888.01,91.24984,6818142.011,0,2,2,2
Puu_lehtipuu,24487889.45,91.575836,6818136.451,0,2,2,2
Puu_lehtipuu,24487886.72,91.718834,6818134.72,0,2,2,2
Puu_lehtipuu,24487854.04,92.772842,6818126.038,0,2,2,2
Puu_lehtipuu,24487857.14,92.871841,6818127.144,0,2,2,2
Puu_lehtipuu,24487862.61,92.809837,6818127.611,0,2,2,2
Puu_lehtipuu,24487866.28,92.746841,6818127.28,0,2,2,2
Puu_lehtipuu,24487870.79,92.839836,6818128.791,0,2,2,2
Puu_lehtipuu,24487873.56,92.796837,6818128.56,0,2,2,2
Puu_lehtipuu,24487875.65,92.74884,6818128.647,0,2,2,2
Puu_lehtipuu,24487878.98,92.705833,6818128.975,0,2,2,2
Puu_lehtipuu,24487853.51,93.065842,6818114.511,0,2,2,2
Puu_lehtipuu,24487846.72,93.187843,6818113.722,0,2,2,2
Puu_lehtipuu,24487846.16,93.244843,6818112.16,0,2,2,2
Puu_lehtipuu,24487841.53,93.153847,6818114.528,0,2,2,2
Puu_lehtipuu,24487841.41,93.16584,6818114.412,0,2,2,2
Puu_lehtipuu,24487840.15,93.350845,6818113.15,0,2,2,2
Puu_lehtipuu,24487839.21,93.159843,6818113.208,0,2,2,2
Puu_lehtipuu,24487839.21,93.159843,6818113.21,0,2,2,2
Puu_lehtipuu,24487826.8,93.454849,6818111.804,0,2,2,2
Puu_lehtipuu,24487826.63,93.312843,6818110.626,0,2,2,2
Puu_lehtipuu,24487907.39,0,6818357.39,0,1,1,1
Puu_lehtipuu,24487909.17,0,6818354.169,0,1,1,1
Puu_lehtipuu,24487915.25,0,6818354.253,0,1,1,1
Puu_lehtipuu,24487901.41,0,6818380.41,0,1,1,1
Puu_lehtipuu,24487903.46,0,6818383.459,0,1,1,1
Puu_lehtipuu,24487905.43,0,6818387.427,0,1,1,1
Puu_lehtipuu,24487908.97,0,6818384.973,0,1,1,1
Puu_lehtipuu,24487902.41,0,6818381.412,0,1,1,1
Puu_lehtipuu,24487903.94,0,6818384.94,0,1,1,1
Puu_lehtipuu,24487907.06,0,6818385.064,0,1,1,1
Puu_lehtipuu,24487915.77,0,6818380.766,0,1,1,1
Puu_lehtipuu,24487917.9,0,6818379.903,0,1,1,1
Puu_lehtipuu,24487913.06,0,6818369.055,0,1,1,1
Puu_lehtipuu,24487910.32,0,6818362.322,0,1,1,1
Puu_lehtipuu,24487916.88,0,6818360.882,0,1,1,1
Puu_lehtipuu,24487622.83,0,6818530.826,0,1,1,1
Puu_lehtipuu,24487615.42,0,6818523.417,0,1,1,1
Puu_lehtipuu,24487613.74,0,6818516.74,0,1,1,1
Puu_lehtipuu,24487622.11,0,6818518.109,0,1,1,1
Puu_lehtipuu,24487746.56,0,6818502.564,0,1,1,1
Puu_lehtipuu,24487748.13,0,6818499.13,0,1,1,1
Puu_lehtipuu,24487814.63,92.668846,6818126.634,0,2,2,2
Puu_lehtipuu,24487816.74,92.484848,6818125.735,0,2,2,2
Puu_lehtipuu,24487820.18,92.456848,6818124.177,0,2,2,2
Puu_lehtipuu,24487820.11,92.41185,6818127.112,0,2,2,2
Puu_lehtipuu,24487821.49,93.35585,6818110.486,0,2,2,2
Puu_lehtipuu,24487821.1,93.297844,6818111.1,0,2,2,2
Puu_lehtipuu,24487814.62,93.442848,6818109.618,0,2,2,2
Puu_lehtipuu,24487813.98,93.626846,6818109.976,0,2,2,2
Puu_lehtipuu,24487812.73,93.48085,6818110.729,0,2,2,2
Puu_lehtipuu,24487813.3,93.501846,6818110.304,0,2,2,2
Puu_lehtipuu,24487812.92,93.521851,6818110.917,0,2,2,2
Puu_lehtipuu,24487812.62,93.545845,6818109.62,0,2,2,2
Puu_lehtipuu,24487812.1,93.511848,6818110.095,0,2,2,2
Puu_lehtipuu,24487820.29,0,6818127.285,0,1,1,1
Puu_lehtipuu,24487623.95,0,6818066.948,0,1,1,1
Puu_lehtipuu,24487619.22,0,6818060.219,0,1,1,1
Puu_lehtipuu,24487622.99,0,6818059.989,0,1,1,1
Puu_lehtipuu,24487621.06,0,6818054.057,0,1,1,1
Puu_lehtipuu,24487618.16,0,6818054.164,0,1,1,1
Puu_lehtipuu,24487639.01,0,6818065.012,0,1,1,1
Puu_lehtipuu,24487642.99,0,6818066.993,0,1,1,1
Puu_lehtipuu,24487637.75,0,6818057.746,0,1,1,1
Puu_lehtipuu,24487641.43,0,6818057.427,0,1,1,1
Puu_lehtipuu,24487635.67,0,6818049.673,0,1,1,1
Puu_lehtipuu,24487639.9,0,6818049.896,0,1,1,1
Puu_lehtipuu,24487633.49,0,6818044.494,0,1,1,1
Puu_lehtipuu,24487638.27,0,6818043.272,0,1,1,1
Puu_lehtipuu,24487670.69,0,6818077.693,0,1,1,1
Puu_lehtipuu,24487671.74,0,6818065.741,0,1,1,1
Puu_lehtipuu,24487667.1,0,6818053.097,0,1,1,1
Puu_lehtipuu,24487663.99,0,6818043.985,0,1,1,1
Puu_lehtipuu,24487661.7,0,6818112.698,0,1,1,1
Puu_lehtipuu,24487688.98,0,6818097.977,0,1,1,1
Puu_lehtipuu,24487683.08,0,6818094.083,0,1,1,1
Puu_lehtipuu,24487687.35,0,6818088.353,0,1,1,1
Puu_lehtipuu,24487668.85,0,6818091.848,0,1,1,1
Puu_lehtipuu,24487743.67,0,6818006.672,0,1,1,1
Puu_lehtipuu,24487761.32,0,6818053.321,0,1,1,1
Puu_lehtipuu,24487757.44,0,6818045.441,0,1,1,1
Puu_lehtipuu,24487743.92,0,6818043.92,0,1,1,1
Puu_lehtipuu,24487718.67,0,6818064.669,0,1,1,1
Puu_lehtipuu,24487709.13,0,6818066.133,0,1,1,1
Puu_lehtipuu,24487702.61,0,6818049.61,0,1,1,1
Puu_lehtipuu,24487709.42,0,6818048.422,0,1,1,1
Puu_lehtipuu,24487715.16,0,6818046.157,0,1,1,1
Puu_lehtipuu,24487763.86,0,6818101.864,0,1,1,1
Puu_lehtipuu,24487740.68,0,6818094.679,0,1,1,1
Puu_lehtipuu,24487732.48,0,6818088.475,0,1,1,1
Puu_lehtipuu,24487738.91,0,6818086.914,0,1,1,1
Puu_lehtipuu,24487743.36,0,6818085.362,0,1,1,1
Puu_lehtipuu,24487738.37,0,6818081.368,0,1,1,1
Puu_lehtipuu,24487737.42,0,6818077.42,0,1,1,1
Puu_lehtipuu,24487782.39,0,6818151.387,0,1,1,1
Puu_lehtipuu,24487641.84,0,6818160.842,0,1,1,1
Puu_lehtipuu,24487745.61,0,6818353.613,0,1,1,1
Puu_lehtipuu,24487750.81,0,6818348.814,0,1,1,1
Puu_lehtipuu,24487755.35,0,6818340.351,0,1,1,1
Puu_lehtipuu,24487759.55,0,6818334.548,0,1,1,1
Puu_lehtipuu,24487770.31,0,6818323.311,0,1,1,1
Puu_lehtipuu,24487793.28,0,6818300.284,0,1,1,1
Puu_lehtipuu,24487797.56,0,6818296.56,0,1,1,1
Puu_lehtipuu,24487791.47,0,6818341.474,0,1,1,1
Puu_lehtipuu,24487686.28,0,6818414.282,0,1,1,1
Puu_lehtipuu,24487685.62,0,6818406.619,0,1,1,1
Puu_lehtipuu,24487692.02,0,6818422.019,0,1,1,1
Puu_lehtipuu,24487693.74,0,6818423.742,0,1,1,1
Puu_lehtipuu,24487690.48,0,6818425.483,0,1,1,1
Puu_lehtipuu,24487688.92,0,6818430.917,0,1,1,1
Puu_lehtipuu,24487695.83,0,6818442.833,0,1,1,1
Puu_lehtipuu,24487701.6,0,6818446.597,0,1,1,1
Puu_lehtipuu,24487707.97,0,6818443.973,0,1,1,1
Puu_lehtipuu,24487701.52,0,6818435.518,0,1,1,1
Puu_lehtipuu,24487717.35,0,6818450.349,0,1,1,1
Puu_lehtipuu,24487713.79,0,6818454.792,0,1,1,1
Puu_havupuu,24487719.72,0,6818450.722,0,1,1,1
Puu_havupuu,24487694.18,0,6818422.18,0,1,1,1
Puu_havupuu,24487698.64,0,6818424.642,0,1,1,1
Puu_lehtipuu,24487712.74,0,6818398.738,0,1,1,1
Puu_lehtipuu,24487717.38,0,6818392.381,0,1,1,1
Puu_lehtipuu,24487806.45,0,6818410.454,0,1,1,1
Puu_lehtipuu,24487815.44,0,6818404.435,0,1,1,1
Puu_lehtipuu,24487808.14,0,6818401.143,0,1,1,1
Puu_lehtipuu,24487987.93,93.125,6818070.928,0,2,2,2
Puu_lehtipuu,24487984.77,93.932999,6818027.772,0,2,2,2
Puu_lehtipuu,24487983.58,94.269997,6818010.58,0,2,2,2
Puu_lehtipuu,24487988.62,86.88784,6818365.621,0,2,2,2
Puu_lehtipuu,24487984.13,88.15184,6818335.128,0,2,2,2
Puu_lehtipuu,24487984.22,87.794838,6818358.219,0,2,2,2
Puu_lehtipuu,24487985.74,87.369835,6818346.737,0,2,2,2
Puu_lehtipuu,24487984.72,87.337837,6818372.718,0,2,2,2
Puu_lehtipuu,24487990.87,85.698837,6818377.872,0,2,2,2
Puu_lehtipuu,24487992.84,85.314842,6818371.84,0,2,2,2
Puu_lehtipuu,24487995,84.760841,6818377.997,0,2,2,2
Puu_lehtipuu,24487985.94,87.154839,6818357.938,0,2,2,2
Puu_lehtipuu,24487993.55,85.300835,6818366.549,0,2,2,2
Puu_lehtipuu,24487992.04,85.350838,6818364.044,0,2,2,2
Puu_lehtipuu,24487984.04,87.919838,6818344.037,0,2,2,2
Puu_lehtipuu,24487985.34,87.556839,6818351.335,0,2,2,2
Puu_lehtipuu,24487985.05,86.778839,6818376.048,0,2,2,2
Puu_lehtipuu,24487987.24,86.55584,6818372.243,0,2,2,2
Puu_lehtipuu,24487987.28,87.069839,6818369.28,0,2,2,2
Puu_lehtipuu,24487989.95,86.621841,6818368.954,0,2,2,2
Puu_lehtipuu,24487996.1,84.517838,6818379.105,0,2,2,2
Puu_lehtipuu,24487993.72,85.641838,6818354.723,0,2,2,2
Puu_havupuu,24488585.45,81.483719,6818329.548,0,2,2,2
Puu_havupuu,24488589.18,81.079712,6818330.818,0,2,2,2
Puu_havupuu,24488585.76,80.941719,6818333.238,0,2,2,2
Puu_havupuu,24488572.85,81.503716,6818329.148,0,2,2,2
Puu_havupuu,24488569.57,81.170723,6818332.428,0,2,2,2
Puu_havupuu,24488605.1,81.446709,6818305.899,0,2,2,2
Puu_havupuu,24488609.81,81.035706,6818305.189,0,2,2,2
Puu_havupuu,24488643.13,80.394707,6818340.87,0,2,2,2
Puu_havupuu,24488648.06,80.433708,6818345.94,0,2,2,2
Puu_havupuu,24488640.86,80.349709,6818343.14,0,2,2,2
Puu_havupuu,24488607.63,76.814713,6818346.369,0,2,2,2
Puu_havupuu,24488603.93,80.755714,6818345.069,0,2,2,2
Puu_havupuu,24488557.57,80.274727,6818376.428,0,2,2,2
Puu_havupuu,24488559.32,80.555725,6818373.678,0,2,2,2
Puu_havupuu,24488563.78,80.386726,6818374.218,0,2,2,2
Puu_havupuu,24488570.85,80.692726,6818370.148,0,2,2,2
Puu_havupuu,24488575.07,81.001724,6818372.928,0,2,2,2
Puu_havupuu,24489887.18,0,6818397.82,0,1,1,1
Puu_havupuu,24489247.59,82.173546,6818213.41,0,2,2,2
Puu_havupuu,24489246.69,82.238548,6818217.31,0,2,2,2
Puu_havupuu,24489279.15,83.529541,6818237.85,0,2,2,2
Puu_havupuu,24489273.11,83.401543,6818233.89,0,2,2,2
Puu_lehtipuu,24488102.56,0,6818228.441,0,1,1,1
Puu_lehtipuu,24488101.87,0,6818226.131,0,1,1,1
Puu_lehtipuu,24488100.84,0,6818225.163,0,1,1,1
Puu_lehtipuu,24488098.27,0,6818220.73,0,1,1,1
Puu_lehtipuu,24488087.42,0,6818203.58,0,1,1,1
Puu_lehtipuu,24488091.19,0,6818202.811,0,1,1,1
Puu_lehtipuu,24488095.24,0,6818200.762,0,1,1,1
Puu_lehtipuu,24488384.53,0,6818022.472,0,1,1,1
Puu_lehtipuu,24488389.29,0,6818020.71,0,1,1,1
Puu_lehtipuu,24488404.51,0,6818018.495,0,1,1,1
Puu_lehtipuu,24488411.89,0,6818017.107,0,1,1,1
Puu_lehtipuu,24488419.79,0,6818016.208,0,1,1,1
Puu_lehtipuu,24488427.86,0,6818015.139,0,1,1,1
Puu_lehtipuu,24488435.36,0,6818014.641,0,1,1,1
Puu_lehtipuu,24488443.23,0,6818013.774,0,1,1,1
Puu_lehtipuu,24488451,0,6818012.005,0,1,1,1
Puu_lehtipuu,24488459.01,0,6818014.993,0,1,1,1
Puu_lehtipuu,24488612.77,0,6818042.23,0,1,1,1
Puu_lehtipuu,24488605.36,0,6818042.642,0,1,1,1
Puu_lehtipuu,24488605.93,0,6818036.071,0,1,1,1
Puu_lehtipuu,24488609.75,0,6818033.246,0,1,1,1
Puu_lehtipuu,24488611.15,0,6818029.847,0,1,1,1
Puu_lehtipuu,24488538.35,0,6818020.655,0,1,1,1
Puu_lehtipuu,24488536.65,0,6818016.355,0,1,1,1
Puu_lehtipuu,24488741.34,0,6818006.661,0,1,1,1
Puu_lehtipuu,24488715.09,0,6818094.906,0,1,1,1
Puu_lehtipuu,24488711.96,0,6818076.045,0,1,1,1
Puu_lehtipuu,24488713.61,0,6818067.389,0,1,1,1
Puu_lehtipuu,24488337.5,0,6818234.498,0,1,1,1
Puu_lehtipuu,24488335.88,0,6818233.118,0,1,1,1
Puu_lehtipuu,24488339.13,0,6818231.866,0,1,1,1
Puu_lehtipuu,24488337.64,0,6818228.364,0,1,1,1
Puu_lehtipuu,24488338.4,0,6818226.603,0,1,1,1
Puu_lehtipuu,24488344.39,0,6818239.609,0,1,1,1
Puu_lehtipuu,24488349.7,0,6818243.3,0,1,1,1
Puu_lehtipuu,24488352.29,0,6818239.707,0,1,1,1
Puu_lehtipuu,24488350.6,0,6818236.405,0,1,1,1
Puu_lehtipuu,24488350.62,0,6818231.382,0,1,1,1
Puu_lehtipuu,24488345.82,0,6818227.181,0,1,1,1
Puu_lehtipuu,24488347.47,0,6818227.531,0,1,1,1
Puu_lehtipuu,24488349.12,0,6818225.879,0,1,1,1
Puu_lehtipuu,24488356.81,0,6818242.188,0,1,1,1
Puu_lehtipuu,24488358.27,0,6818238.735,0,1,1,1
Puu_lehtipuu,24488358.37,0,6818235.633,0,1,1,1
Puu_lehtipuu,24488362.76,0,6818236.243,0,1,1,1
Puu_lehtipuu,24488363.75,0,6818233.25,0,1,1,1
Puu_lehtipuu,24488368.3,0,6818243.705,0,1,1,1
Puu_lehtipuu,24488373.4,0,6818242.603,0,1,1,1
Puu_lehtipuu,24488376.94,0,6818241.061,0,1,1,1
Puu_lehtipuu,24488378.87,0,6818242.131,0,1,1,1
Puu_lehtipuu,24488374.27,0,6818234.728,0,1,1,1
Puu_lehtipuu,24488375.77,0,6818235.228,0,1,1,1
Puu_lehtipuu,24488380.41,0,6818238.588,0,1,1,1
Puu_lehtipuu,24488383.54,0,6818238.457,0,1,1,1
Puu_lehtipuu,24488387.6,0,6818237.396,0,1,1,1
Puu_lehtipuu,24488389.21,0,6818234.793,0,1,1,1
Puu_lehtipuu,24488385.45,0,6818232.553,0,1,1,1
Puu_lehtipuu,24488388.38,0,6818232.622,0,1,1,1
Puu_lehtipuu,24488388.65,0,6818229.351,0,1,1,1
Puu_lehtipuu,24488388.07,0,6818228.93,0,1,1,1
Puu_lehtipuu,24488393.12,0,6818236.883,0,1,1,1
Puu_lehtipuu,24488396.05,0,6818236.953,0,1,1,1
Puu_lehtipuu,24488394.12,0,6818231.88,0,1,1,1
Puu_lehtipuu,24488392.44,0,6818229.559,0,1,1,1
Puu_lehtipuu,24488390.86,0,6818228.139,0,1,1,1
Puu_lehtipuu,24488387.11,0,6818225.888,0,1,1,1
Puu_lehtipuu,24488382.28,0,6818223.719,0,1,1,1
Puu_lehtipuu,24488387.01,0,6818217.993,0,1,1,1
Puu_lehtipuu,24488386.61,0,6818213.391,0,1,1,1
Puu_lehtipuu,24488384.27,0,6818215.733,0,1,1,1
Puu_lehtipuu,24488381.53,0,6818212.472,0,1,1,1
Puu_lehtipuu,24488383.36,0,6818211.641,0,1,1,1
Puu_lehtipuu,24488383.48,0,6818209.519,0,1,1,1
Puu_lehtipuu,24488376.73,0,6818214.274,0,1,1,1
Puu_lehtipuu,24488375.18,0,6818211.823,0,1,1,1
Puu_lehtipuu,24488368.34,0,6818206.663,0,1,1,1
Puu_lehtipuu,24488374.57,0,6818207.431,0,1,1,1
Puu_lehtipuu,24488374.92,0,6818204.079,0,1,1,1
Puu_lehtipuu,24488561.67,81.24572,6818331.328,0,2,2,2
Puu_lehtipuu,24488565.4,81.43972,6818330.598,0,2,2,2
Puu_lehtipuu,24488577.44,81.549721,6818329.558,0,2,2,2
Puu_lehtipuu,24488581.51,81.422714,6818329.488,0,2,2,2
Puu_lehtipuu,24488610.94,80.302711,6818323.059,0,2,2,2
Puu_lehtipuu,24488612.37,80.233711,6818325.629,0,2,2,2
Puu_lehtipuu,24488617.46,80.282707,6818332.539,0,2,2,2
Puu_lehtipuu,24488594.94,80.684715,6818310.058,0,2,2,2
Puu_lehtipuu,24488590.49,80.698715,6818312.508,0,2,2,2
Puu_lehtipuu,24488552.14,81.441719,6818316.857,0,2,2,2
Puu_lehtipuu,24488546.32,82.099724,6818314.677,0,2,2,2
Puu_lehtipuu,24488543.58,81.685722,6818316.417,0,2,2,2
Puu_lehtipuu,24488528.17,81.753731,6818327.827,0,2,2,2
Puu_lehtipuu,24488523.32,82.327728,6818330.677,0,2,2,2
Puu_lehtipuu,24488519.24,82.28273,6818337.757,0,2,2,2
Puu_lehtipuu,24488516.22,81.78273,6818337.776,0,2,2,2
Puu_lehtipuu,24488030.06,94.723808,6818114.941,0,2,2,2
Puu_lehtipuu,24488445.94,92.394722,6818083.056,0,2,2,2
Puu_lehtipuu,24488437.13,92.334724,6818084.872,0,2,2,2
Puu_lehtipuu,24488431.01,92.336723,6818085.986,0,2,2,2
Puu_lehtipuu,24488424,92.283722,6818086.003,0,2,2,2
Puu_lehtipuu,24488416.92,92.255722,6818086.08,0,2,2,2
Puu_lehtipuu,24488585.72,0,6818138.285,0,1,1,1
Puu_lehtipuu,24488576.16,0,6818175.842,0,1,1,1
Puu_lehtipuu,24488639.88,0,6818110.12,0,1,1,1
Puu_lehtipuu,24488644.35,0,6818116.652,0,1,1,1
Puu_lehtipuu,24488651.12,0,6818120.885,0,1,1,1
Puu_lehtipuu,24488682.29,0,6818201.714,0,1,1,1
Puu_lehtipuu,24488685.2,0,6818198.797,0,1,1,1
Puu_lehtipuu,24488036.09,0,6818212.91,0,1,1,1
Puu_lehtipuu,24488034.59,0,6818207.406,0,1,1,1
Puu_lehtipuu,24488034.24,0,6818203.758,0,1,1,1
Puu_lehtipuu,24488052.87,0,6818201.126,0,1,1,1
Puu_lehtipuu,24488055.78,0,6818205.216,0,1,1,1
Puu_lehtipuu,24488336.16,0,6818076.845,0,1,1,1
Puu_lehtipuu,24488342.24,0,6818073.758,0,1,1,1
Puu_lehtipuu,24488339.5,0,6818069.501,0,1,1,1
Puu_lehtipuu,24488341,0,6818065.996,0,1,1,1
Puu_lehtipuu,24488370.56,0,6818023.445,0,1,1,1
Puu_lehtipuu,24488381.59,0,6818021.409,0,1,1,1
Puu_lehtipuu,24488330.59,0,6818086.411,0,1,1,1
Puu_lehtipuu,24488035.71,94.877808,6818112.293,0,2,2,2
Puu_lehtipuu,24488041.95,94.942802,6818110.052,0,2,2,2
Puu_lehtipuu,24488048,95.065804,6818108,0,2,2,2
Puu_lehtipuu,24488053.48,95.1968,6818106.516,0,2,2,2
Puu_lehtipuu,24488286.72,92.470757,6818126.279,0,2,2,2
Puu_lehtipuu,24488291.48,0,6818009.524,0,1,1,1
Puu_lehtipuu,24488286.46,0,6818011.536,0,1,1,1
Puu_lehtipuu,24488281.23,0,6818012.769,0,1,1,1
Puu_lehtipuu,24488275.89,0,6818012.114,0,1,1,1
Puu_lehtipuu,24488270.06,0,6818014.939,0,1,1,1
Puu_lehtipuu,24488265.28,0,6818015.719,0,1,1,1
Puu_lehtipuu,24488260.4,0,6818016.603,0,1,1,1
Puu_lehtipuu,24488256.56,0,6818018.439,0,1,1,1
Puu_lehtipuu,24489239.02,81.917549,6818214.98,0,2,2,2
Puu_lehtipuu,24489240.76,81.781548,6818211.24,0,2,2,2
Puu_lehtipuu,24489058.54,93.121582,6818005.46,0,2,2,2
Puu_lehtipuu,24489054.4,92.885582,6818018.6,0,2,2,2
Puu_lehtipuu,24489578.64,0,6818466.36,0,1,1,1
Puu_lehtipuu,24489275.86,0,6818267.14,0,1,1,1
Puu_lehtipuu,24489282.61,0,6818265.39,0,1,1,1
Puu_lehtipuu,24489291.31,0,6818265.69,0,1,1,1
Puu_lehtipuu,24489295.79,0,6818267.21,0,1,1,1
Puu_lehtipuu,24489109.16,0,6818118.84,0,1,1,1
Puu_lehtipuu,24489110.08,0,6818115.92,0,1,1,1
Puu_lehtipuu,24489111.42,0,6818110.58,0,1,1,1
Puu_lehtipuu,24489107.59,0,6818109.41,0,1,1,1
Puu_lehtipuu,24489058.35,0,6818087.65,0,1,1,1
Puu_lehtipuu,24489061.87,0,6818087.13,0,1,1,1
Puu_lehtipuu,24489066.38,0,6818087.62,0,1,1,1
Puu_lehtipuu,24489051.5,0,6818069.5,0,1,1,1
Puu_lehtipuu,24489057.67,0,6818067.33,0,1,1,1
Puu_lehtipuu,24489064.3,0,6818063.7,0,1,1,1
Puu_lehtipuu,24489070.37,0,6818065.63,0,1,1,1
Puu_lehtipuu,24489076.27,0,6818065.73,0,1,1,1
Puu_lehtipuu,24489071.31,0,6818060.69,0,1,1,1
Puu_lehtipuu,24489068.86,0,6818056.14,0,1,1,1
Puu_lehtipuu,24489061.67,0,6818059.33,0,1,1,1
Puu_lehtipuu,24489055.2,0,6818062.8,0,1,1,1
Puu_lehtipuu,24489049.18,0,6818065.82,0,1,1,1
Puu_lehtipuu,24488928.64,0,6818006.36,0,1,1,1
Puu_lehtipuu,24488932.32,0,6818006.684,0,1,1,1
Puu_lehtipuu,24488938.55,0,6818009.45,0,1,1,1
Puu_lehtipuu,24488931.13,0,6818003.87,0,1,1,1
Puu_lehtipuu,24489132.27,0,6818029.73,0,1,1,1
Puu_lehtipuu,24489692.84,0,6818317.16,0,1,1,1
Puu_lehtipuu,24489694.33,0,6818313.67,0,1,1,1
Puu_lehtipuu,24489696.19,0,6818310.81,0,1,1,1
Puu_lehtipuu,24489698.51,0,6818305.49,0,1,1,1
Puu_lehtipuu,24489701.44,0,6818300.56,0,1,1,1
Puu_lehtipuu,24489703.98,0,6818293.02,0,1,1,1
Puu_lehtipuu,24489707.79,0,6818287.21,0,1,1,1
Puu_lehtipuu,24489710.31,0,6818283.69,0,1,1,1
Puu_lehtipuu,24489714.13,0,6818276.87,0,1,1,1
Puu_lehtipuu,24489715.66,0,6818272.34,0,1,1,1
Puu_lehtipuu,24489684.87,0,6818435.13,0,1,1,1
Puu_lehtipuu,24489684.43,0,6818427.57,0,1,1,1
Puu_lehtipuu,24489678.51,0,6818428.49,0,1,1,1
Puu_lehtipuu,24489641.07,0,6818415.93,0,1,1,1
Puu_lehtipuu,24489643.16,0,6818405.84,0,1,1,1
Puu_lehtipuu,24489645.21,0,6818400.79,0,1,1,1
Puu_lehtipuu,24489648.77,0,6818398.23,0,1,1,1
Puu_lehtipuu,24489650.77,0,6818397.23,0,1,1,1
Puu_lehtipuu,24489649.33,0,6818394.67,0,1,1,1
Puu_lehtipuu,24489652.32,0,6818392.68,0,1,1,1
Puu_lehtipuu,24489653.29,0,6818389.71,0,1,1,1
Puu_lehtipuu,24489650.76,0,6818384.24,0,1,1,1
Puu_lehtipuu,24489650.33,0,6818387.67,0,1,1,1
Puu_lehtipuu,24489650.05,0,6818389.95,0,1,1,1
Puu_lehtipuu,24489647.06,0,6818383.94,0,1,1,1
Puu_lehtipuu,24489643.96,0,6818383.04,0,1,1,1
Puu_lehtipuu,24489646.85,0,6818385.15,0,1,1,1
Puu_lehtipuu,24489643.47,0,6818387.53,0,1,1,1
Puu_lehtipuu,24489646.67,0,6818388.33,0,1,1,1
Puu_lehtipuu,24489646.42,0,6818389.58,0,1,1,1
Puu_lehtipuu,24489645.95,0,6818391.05,0,1,1,1
Puu_lehtipuu,24489645.97,0,6818393.03,0,1,1,1
Puu_lehtipuu,24489645.34,0,6818396.66,0,1,1,1
Puu_lehtipuu,24489643.08,0,6818393.92,0,1,1,1
Puu_lehtipuu,24489635.15,0,6818396.85,0,1,1,1
Puu_lehtipuu,24489635.45,0,6818393.55,0,1,1,1
Puu_lehtipuu,24489629.96,0,6818392.04,0,1,1,1
Puu_lehtipuu,24489630.11,0,6818388.89,0,1,1,1
Puu_lehtipuu,24489633.24,0,6818389.76,0,1,1,1
Puu_lehtipuu,24489633.63,0,6818385.37,0,1,1,1
Puu_lehtipuu,24489636.26,0,6818386.74,0,1,1,1
Puu_lehtipuu,24489636.78,0,6818382.22,0,1,1,1
Puu_lehtipuu,24489637.24,0,6818378.76,0,1,1,1
Puu_lehtipuu,24489634.01,0,6818376.99,0,1,1,1
Puu_lehtipuu,24489631.08,0,6818373.92,0,1,1,1
Puu_lehtipuu,24489630.7,0,6818378.3,0,1,1,1
Puu_lehtipuu,24489633.61,0,6818381.39,0,1,1,1
Puu_lehtipuu,24489630.43,0,6818383.57,0,1,1,1
Puu_lehtipuu,24489662.72,0,6818371.28,0,1,1,1
Puu_lehtipuu,24489665.28,0,6818365.72,0,1,1,1
Puu_lehtipuu,24489660.68,0,6818362.32,0,1,1,1
Puu_lehtipuu,24489659.18,0,6818367.82,0,1,1,1
Puu_lehtipuu,24489651.73,0,6818369.27,0,1,1,1
Puu_lehtipuu,24489654.17,0,6818363.83,0,1,1,1
Puu_lehtipuu,24489647.89,0,6818360.11,0,1,1,1
Puu_lehtipuu,24489646.5,0,6818366.5,0,1,1,1
Puu_havupuu,24488075.75,86.085815,6818315.248,0,2,2,2
Puu_lehtipuu,24488026.83,86.360825,6818285.172,0,2,2,2
Puu_havupuu,24489183.55,84.962997,6818256.45,0,2,2,2
Puu_lehtipuu,24488115.65,82.320816,6818401.352,0,2,2,2
Puu_havupuu,24488079.96,85.830818,6818344.038,0,2,2,2
Puu_lehtipuu,24488026.82,86.047829,6818304.184,0,2,2,2
Puu_havupuu,24488616.6,91.520683,6818041.403,0,2,2,2
Puu_lehtipuu,24488026.55,86.570824,6818278.448,0,2,2,2
Puu_lehtipuu,24488110.77,82.49482,6818401.227,0,2,2,2
Puu_lehtipuu,24488100.85,82.720818,6818401.155,0,2,2,2
Puu_havupuu,24489191.01,85.141998,6818256.99,0,2,2,2
Puu_lehtipuu,24489050.74,86.9776,6818149.26,0,2,2,2
Puu_lehtipuu,24488042.03,86.195824,6818291.972,0,2,2,2
Puu_lehtipuu,24488105.76,82.555817,6818401.238,0,2,2,2
Puu_lehtipuu,24488106.25,85.104813,6818324.755,0,2,2,2
Puu_lehtipuu,24489074.29,87.003593,6818147.71,0,2,2,2
Puu_lehtipuu,24488095.95,82.888824,6818400.045,0,2,2,2
Puu_havupuu,24488079.53,86.04982,6818334.469,0,2,2,2
Puu_lehtipuu,24488087.8,85.73481,6818275.196,0,2,2,2
Puu_lehtipuu,24488099.36,85.337814,6818324.639,0,2,2,2
Puu_lehtipuu,24488090.94,82.917824,6818400.056,0,2,2,2
Puu_lehtipuu,24488074.68,83.530823,6818378.324,0,2,2,2
Puu_havupuu,24488080.17,85.56382,6818350.83,0,2,2,2
Puu_havupuu,24489186.76,85.206001,6818261.24,0,2,2,2
Puu_lehtipuu,24488085.83,82.970825,6818400.168,0,2,2,2
Puu_lehtipuu,24488077.73,83.64682,6818378.27,0,2,2,2
Puu_havupuu,24488071.79,86.214813,6818308.205,0,2,2,2
Puu_lehtipuu,24488120.43,82.121819,6818402.569,0,2,2,2
Puu_lehtipuu,24488107.09,84.017815,6818364.915,0,2,2,2
Puu_havupuu,24490014.63,88.541,6818343.37,0,2,2,2
Puu_havupuu,24490016.3,88.986,6818347.7,0,2,2,2
Puu_havupuu,24490010.76,89.356003,6818350.24,0,2,2,2
Puu_havupuu,24490015.43,89.847,6818353.57,0,2,2,2
Puu_havupuu,24490011.62,89.807999,6818356.38,0,2,2,2
Puu_havupuu,24490010.07,89.697998,6818361.93,0,2,2,2
Puu_havupuu,24490011.42,90.875,6818366.58,0,2,2,2
Puu_lehtipuu,24490052.88,89.325996,6818271.12,0,2,2,2
Puu_lehtipuu,24490054.06,89.329002,6818277.94,0,2,2,2
Puu_lehtipuu,24490050.19,89.050003,6818279.81,0,2,2,2
Puu_lehtipuu,24490054.47,89.252998,6818282.53,0,2,2,2
Puu_lehtipuu,24490048.14,89.101997,6818285.86,0,2,2,2
Puu_lehtipuu,24490036.38,89.015999,6818301.62,0,2,2,2
Puu_lehtipuu,24490023.64,88.890999,6818299.36,0,2,2,2
Puu_lehtipuu,24490031.86,89.455002,6818288.14,0,2,2,2
Puu_havupuu,24490025.03,89.749001,6818286.97,0,2,2,2
Puu_havupuu,24490021.85,89.935997,6818287.15,0,2,2,2
Puu_havupuu,24490023.49,89.934998,6818284.51,0,2,2,2
Puu_havupuu,24490025.74,89.848,6818282.26,0,2,2,2
Puu_havupuu,24490023.89,90.325996,6818279.11,0,2,2,2
Puu_lehtipuu,24490042.41,89.327003,6818259.59,0,2,2,2
Puu_lehtipuu,24491229.32,0,6818077.68,0,1,1,1
Puu_lehtipuu,24491249.4,0,6818056.6,0,1,1,1
Puu_lehtipuu,24491255.41,0,6818048.59,0,1,1,1
Puu_havupuu,24491035.19,0,6818004.81,0,1,1,1
Puu_lehtipuu,24491027.78,0,6818029.22,0,1,1,1
Puu_lehtipuu,24491031.55,0,6818036.45,0,1,1,1
Puu_lehtipuu,24490681.87,89.052002,6818310.13,0,2,2,2
Puu_lehtipuu,24490685.78,89.127998,6818305.22,0,2,2,2
Puu_lehtipuu,24490737.75,91.166,6818238.25,0,2,2,2
Puu_lehtipuu,24490734.54,90.755997,6818243.46,0,2,2,2
Puu_lehtipuu,24490664.45,88.837997,6818332.55,0,2,2,2
Puu_lehtipuu,24490667.84,88.867996,6818328.16,0,2,2,2
Puu_lehtipuu,24490717.93,90.082001,6818265.07,0,2,2,2
Puu_lehtipuu,24490721.59,90.241997,6818260.41,0,2,2,2
Puu_lehtipuu,24490725.39,90.382004,6818256.61,0,2,2,2
Puu_lehtipuu,24490701.86,89.556,6818285.14,0,2,2,2
Puu_lehtipuu,24490706.28,89.695999,6818280.72,0,2,2,2
Puu_lehtipuu,24490709.99,89.771004,6818275.01,0,2,2,2
Puu_lehtipuu,24490714.13,89.938004,6818270.87,0,2,2,2
Puu_lehtipuu,24490671.81,88.896004,6818323.19,0,2,2,2
Puu_lehtipuu,24487793.37,0,6817875.368,0,1,1,1
Puu_lehtipuu,24487640.67,0,6817863.672,0,1,1,1
Puu_lehtipuu,24487661.23,0,6817921.225,0,1,1,1
Puu_lehtipuu,24487665.63,0,6817920.633,0,1,1,1
Puu_lehtipuu,24487787.63,0,6817886.633,0,1,1,1
Puu_lehtipuu,24487795.05,0,6817880.045,0,1,1,1
Puu_lehtipuu,24487750.97,0,6817999.97,0,1,1,1
Puu_lehtipuu,24487896.2,0,6817904.196,0,1,1,1
Puu_lehtipuu,24487899.78,0,6817904.775,0,1,1,1
Puu_lehtipuu,24487890.13,0,6817899.132,0,1,1,1
Puu_lehtipuu,24487883.22,0,6817901.216,0,1,1,1
Puu_lehtipuu,24487639.99,0,6817855.992,0,1,1,1
Puu_lehtipuu,24487638.68,0,6817847.676,0,1,1,1
Puu_lehtipuu,24487982.43,95.038002,6817986.427,0,2,2,2
Puu_lehtipuu,24487982.2,95.105003,6817980.204,0,2,2,2
Puu_lehtipuu,24487982.14,95.155998,6817974.14,0,2,2,2
Puu_lehtipuu,24487982.19,95.343002,6817969.193,0,2,2,2
Puu_lehtipuu,24487982.18,95.569,6817962.178,0,2,2,2
Puu_lehtipuu,24487982.37,95.945,6817951.368,0,2,2,2
Puu_lehtipuu,24487560.84,94.482864,6817777.841,0,2,2,2
Puu_lehtipuu,24487609.27,94.027863,6817869.27,0,2,2,2
Puu_lehtipuu,24487423.58,95.057861,6817440.578,0,2,2,2
Puu_lehtipuu,24487608.82,94.138863,6817870.82,0,2,2,2
Puu_lehtipuu,24487620.39,94.692856,6817825.39,0,2,2,2
Puu_lehtipuu,24487598.07,94.532867,6817853.07,0,2,2,2
Puu_lehtipuu,24487575.26,94.723869,6817827.261,0,2,2,2
Puu_havupuu,24487633.11,94.148849,6817776.109,0,2,2,2
Puu_lehtipuu,24487562.69,94.524864,6817785.691,0,2,2,2
Puu_lehtipuu,24487618.38,94.370865,6817865.38,0,2,2,2
Puu_lehtipuu,24487618.85,94.664856,6817816.85,0,2,2,2
Puu_lehtipuu,24487622.13,94.662857,6817835.13,0,2,2,2
Puu_lehtipuu,24487543.5,95.029861,6817717.501,0,2,2,2
Puu_lehtipuu,24487625.34,94.417862,6817854.339,0,2,2,2
Puu_lehtipuu,24487606.72,94.072868,6817867.72,0,2,2,2
Puu_lehtipuu,24487411.92,93.83886,6817420.923,0,2,2,2
Puu_lehtipuu,24487569.34,94.590866,6817809.341,0,2,2,2
Puu_lehtipuu,24487624.96,94.208855,6817779.96,0,2,2,2
Puu_lehtipuu,24487615.09,94.604858,6817796.09,0,2,2,2
Puu_lehtipuu,24487409.73,93.551857,6817419.727,0,2,2,2
Puu_havupuu,24487611.41,94.609863,6817865.41,0,2,2,2
Puu_lehtipuu,24487545.12,94.827866,6817723.121,0,2,2,2
Puu_lehtipuu,24487564.97,94.410866,6817793.971,0,2,2,2
Puu_lehtipuu,24487555.06,94.331863,6817755.061,0,2,2,2
Puu_havupuu,24487409.05,94.108856,6817414.05,0,2,2,2
Puu_lehtipuu,24487617.07,94.586861,6817807.07,0,2,2,2
Puu_lehtipuu,24487626.81,94.022858,6817864.809,0,2,2,2
Puu_lehtipuu,24487559.18,94.436867,6817770.181,0,2,2,2
Puu_lehtipuu,24487571.41,94.865868,6817815.411,0,2,2,2
Puu_lehtipuu,24487638.61,94.098846,6817775.609,0,2,2,2
Puu_lehtipuu,24487536.81,95.222862,6817692.812,0,2,2,2
Puu_lehtipuu,24487596.04,94.656868,6817845.04,0,2,2,2
Puu_lehtipuu,24487616.18,94.472862,6817873.18,0,2,2,2
Puu_lehtipuu,24487553.08,94.274864,6817748.081,0,2,2,2
Puu_lehtipuu,24487418.15,95.591858,6817424.153,0,2,2,2
Puu_lehtipuu,24487613.87,94.648857,6817789.87,0,2,2,2
Puu_lehtipuu,24487623.81,94.543861,6817844.809,0,2,2,2
Puu_havupuu,24487416.44,93.258858,6817440.442,0,2,2,2
Puu_lehtipuu,24487601.74,94.254868,6817863.74,0,2,2,2
Puu_lehtipuu,24487629.52,94.660858,6817855.519,0,2,2,2
Puu_lehtipuu,24487541.65,95.086861,6817710.652,0,2,2,2
Puu_lehtipuu,24487423.35,95.873856,6817436.349,0,2,2,2
Puu_lehtipuu,24487612.23,94.736855,6817780.23,0,2,2,2
Puu_lehtipuu,24487567.53,94.399864,6817803.531,0,2,2,2
Puu_lehtipuu,24487573.18,94.853867,6817821.181,0,2,2,2
Puu_lehtipuu,24487414.5,95.17186,6817419.503,0,2,2,2
Puu_lehtipuu,24487556.82,94.276863,6817762.821,0,2,2,2
Puu_lehtipuu,24487539.52,95.051865,6817703.522,0,2,2,2
Puu_lehtipuu,24488358.39,0,6817809.614,0,1,1,1
Puu_lehtipuu,24488507.64,0,6817881.356,0,1,1,1
Puu_lehtipuu,24488945.49,0,6817243.509,0,1,1,1
Puu_lehtipuu,24488365.16,0,6817813.836,0,1,1,1
Puu_lehtipuu,24488508.02,0,6817875.983,0,1,1,1
Puu_lehtipuu,24488947.26,0,6817242.745,0,1,1,1
Puu_lehtipuu,24488372.59,0,6817813.406,0,1,1,1
Puu_lehtipuu,24488501.3,0,6817875.701,0,1,1,1
Puu_lehtipuu,24488949.21,0,6817241.792,0,1,1,1
Puu_lehtipuu,24488397.76,0,6817829.238,0,1,1,1
Puu_lehtipuu,24488493.62,0,6817876.378,0,1,1,1
Puu_lehtipuu,24488951.27,0,6817240.734,0,1,1,1
Puu_lehtipuu,24488497.05,0,6817868.946,0,1,1,1
Puu_lehtipuu,24488953.09,0,6817239.91,0,1,1,1
Puu_lehtipuu,24488493.98,0,6817863.025,0,1,1,1
Puu_lehtipuu,24488954.77,0,6817239.232,0,1,1,1
Puu_lehtipuu,24488563.36,0,6817938.637,0,1,1,1
Puu_lehtipuu,24488956.92,0,6817238.078,0,1,1,1
Puu_lehtipuu,24488354.24,0,6817906.764,0,1,1,1
Puu_lehtipuu,24488958.91,0,6817237.095,0,1,1,1
Puu_lehtipuu,24488352.03,0,6817901.972,0,1,1,1
Puu_lehtipuu,24488965.32,0,6817282.682,0,1,1,1
Puu_lehtipuu,24488353.74,0,6817895.262,0,1,1,1
Puu_lehtipuu,24489097.04,0,6817354.96,0,1,1,1
Puu_lehtipuu,24488352.98,0,6817884.023,0,1,1,1
Puu_lehtipuu,24489098.85,0,6817350.15,0,1,1,1
Puu_lehtipuu,24488351.56,0,6817879.444,0,1,1,1
Puu_lehtipuu,24489085.91,0,6817350.09,0,1,1,1
Puu_lehtipuu,24488696.97,0,6817942.033,0,1,1,1
Puu_lehtipuu,24489079.24,0,6817335.76,0,1,1,1
Puu_lehtipuu,24488702.05,0,6817943.946,0,1,1,1
Puu_lehtipuu,24489083.61,0,6817333.39,0,1,1,1
Puu_lehtipuu,24488717.84,0,6817929.16,0,1,1,1
Puu_lehtipuu,24489087.52,0,6817331.48,0,1,1,1
Puu_lehtipuu,24488737.87,0,6817941.13,0,1,1,1
Puu_lehtipuu,24489107.77,0,6817333.23,0,1,1,1
Puu_lehtipuu,24488729.98,0,6817948.022,0,1,1,1
Puu_lehtipuu,24489101.05,0,6817331.95,0,1,1,1
Puu_lehtipuu,24488740.74,0,6817950.264,0,1,1,1
Puu_lehtipuu,24489103.2,0,6817329.8,0,1,1,1
Puu_lehtipuu,24488803.98,0,6817868.017,0,1,1,1
Puu_lehtipuu,24489103.52,0,6817326.48,0,1,1,1
Puu_lehtipuu,24488799.26,0,6817862.745,0,1,1,1
Puu_lehtipuu,24489107.3,0,6817326.7,0,1,1,1
Puu_lehtipuu,24488806.91,0,6817864.087,0,1,1,1
Puu_lehtipuu,24489105.38,0,6817324.62,0,1,1,1
Puu_lehtipuu,24488421.92,0,6817789.078,0,1,1,1
Puu_lehtipuu,24488810.18,0,6817867.82,0,1,1,1
Puu_lehtipuu,24489103.91,0,6817323.09,0,1,1,1
Puu_lehtipuu,24488422.45,0,6817794.553,0,1,1,1
Puu_lehtipuu,24488810,0,6817860.002,0,1,1,1
Puu_lehtipuu,24489107.82,0,6817322.18,0,1,1,1
Puu_lehtipuu,24488426.73,0,6817798.275,0,1,1,1
Puu_lehtipuu,24488762.08,0,6817971.917,0,1,1,1
Puu_lehtipuu,24489105.95,0,6817321.05,0,1,1,1
Puu_lehtipuu,24488485.07,0,6817797.932,0,1,1,1
Puu_lehtipuu,24488769.63,0,6817964.375,0,1,1,1
Puu_lehtipuu,24489096.63,0,6817324.37,0,1,1,1
Puu_lehtipuu,24488490.35,0,6817809.654,0,1,1,1
Puu_lehtipuu,24488776.92,0,6817960.082,0,1,1,1
Puu_lehtipuu,24489098.84,0,6817320.16,0,1,1,1
Puu_lehtipuu,24488496.14,0,6817808.857,0,1,1,1
Puu_lehtipuu,24488628.1,0,6817871.904,0,1,1,1
Puu_lehtipuu,24489097.28,0,6817316.72,0,1,1,1
Puu_lehtipuu,24488501.14,0,6817807.856,0,1,1,1
Puu_lehtipuu,24488589.34,0,6817912.659,0,1,1,1
Puu_lehtipuu,24489093.69,0,6817318.31,0,1,1,1
Puu_lehtipuu,24488518.76,0,6817820.244,0,1,1,1
Puu_lehtipuu,24488587.35,0,6817906.648,0,1,1,1
Puu_lehtipuu,24489090.21,0,6817314.79,0,1,1,1
Puu_lehtipuu,24488522.8,0,6817819.205,0,1,1,1
Puu_lehtipuu,24488585.21,0,6817900.787,0,1,1,1
Puu_lehtipuu,24489093.89,0,6817312.11,0,1,1,1
Puu_lehtipuu,24488524.13,0,6817823.868,0,1,1,1
Puu_lehtipuu,24488277.44,0,6817945.561,0,1,1,1
Puu_lehtipuu,24489091.64,0,6817306.36,0,1,1,1
Puu_lehtipuu,24488530.01,0,6817816.993,0,1,1,1
Puu_lehtipuu,24488270.06,0,6817936.937,0,1,1,1
Puu_lehtipuu,24489179.61,0,6817914.39,0,1,1,1
Puu_lehtipuu,24488536.17,0,6817820.831,0,1,1,1
Puu_lehtipuu,24488274.29,0,6817932.711,0,1,1,1
Puu_lehtipuu,24489137.09,0,6817963.91,0,1,1,1
Puu_lehtipuu,24488529.59,0,6817822.408,0,1,1,1
Puu_lehtipuu,24488285.29,0,6817936.707,0,1,1,1
Puu_havupuu,24489173.63,0,6817946.37,0,1,1,1
Puu_lehtipuu,24488534.95,0,6817825.051,0,1,1,1
Puu_lehtipuu,24488284.85,0,6817930.151,0,1,1,1
Puu_lehtipuu,24488967.09,0,6817900.914,0,1,1,1
Puu_lehtipuu,24488532.77,0,6817829.231,0,1,1,1
Puu_lehtipuu,24488318.34,99.632721,6817867.657,0,2,2,2
Puu_lehtipuu,24488933.88,0,6817889.122,0,1,1,1
Puu_lehtipuu,24488528.61,0,6817826.388,0,1,1,1
Puu_lehtipuu,24488306.47,99.432724,6817868.535,0,2,2,2
Puu_lehtipuu,24488594.14,0,6817848.86,0,1,1,1
Puu_lehtipuu,24489668.46,0,6817889.54,0,1,1,1
Puu_lehtipuu,24488599.32,0,6817847.679,0,1,1,1
Puu_lehtipuu,24489674.8,0,6817888.2,0,1,1,1
Puu_lehtipuu,24488603.34,0,6817851.66,0,1,1,1
Puu_lehtipuu,24489679.1,0,6817887.9,0,1,1,1
Puu_lehtipuu,24488800.74,0,6817855.26,0,1,1,1
Puu_lehtipuu,24489684.47,0,6817886.53,0,1,1,1
Puu_lehtipuu,24488807.68,0,6817853.322,0,1,1,1
Puu_lehtipuu,24489688.84,0,6817885.16,0,1,1,1
Puu_lehtipuu,24488360.23,0,6817788.775,0,1,1,1
Puu_lehtipuu,24489693.41,0,6817884.59,0,1,1,1
Puu_lehtipuu,24488357.57,0,6817784.434,0,1,1,1
Puu_lehtipuu,24488051.67,0,6817980.328,0,1,1,1
Puu_lehtipuu,24489696.47,0,6817883.53,0,1,1,1
Puu_lehtipuu,24488365.03,0,6817782.975,0,1,1,1
Puu_lehtipuu,24488043.56,0,6817978.444,0,1,1,1
Puu_lehtipuu,24489701.1,0,6817882.9,0,1,1,1
Puu_lehtipuu,24488365.48,0,6817776.523,0,1,1,1
Puu_lehtipuu,24488033.17,0,6817975.826,0,1,1,1
Puu_lehtipuu,24489701.04,0,6817876.96,0,1,1,1
Puu_lehtipuu,24488353.9,0,6817775.097,0,1,1,1
Puu_lehtipuu,24488284.44,0,6817987.561,0,1,1,1
Puu_lehtipuu,24489691.37,0,6817879.63,0,1,1,1
Puu_lehtipuu,24488353.25,0,6817767.75,0,1,1,1
Puu_lehtipuu,24488270.21,0,6817973.792,0,1,1,1
Puu_lehtipuu,24489695.99,0,6817878.01,0,1,1,1
Puu_lehtipuu,24488353.91,0,6817762.093,0,1,1,1
Puu_lehtipuu,24488264.82,0,6817970.177,0,1,1,1
Puu_lehtipuu,24489687.02,0,6817879.98,0,1,1,1
Puu_lehtipuu,24488355.36,0,6817729.638,0,1,1,1
Puu_lehtipuu,24488251.93,0,6817968.071,0,1,1,1
Puu_lehtipuu,24489649.96,0,6817872.04,0,1,1,1
Puu_lehtipuu,24488358.76,0,6817728.238,0,1,1,1
Puu_lehtipuu,24488237.72,0,6817972.28,0,1,1,1
Puu_lehtipuu,24489651.57,0,6817865.43,0,1,1,1
Puu_lehtipuu,24488356.86,0,6817722.145,0,1,1,1
Puu_lehtipuu,24489655.77,0,6817863.23,0,1,1,1
Puu_lehtipuu,24488357.14,0,6817715.857,0,1,1,1
Puu_lehtipuu,24489116.07,0,6817501.93,0,1,1,1
Puu_lehtipuu,24489650.98,0,6817860.02,0,1,1,1
Puu_lehtipuu,24488363.37,0,6817711.63,0,1,1,1
Puu_lehtipuu,24489119.52,0,6817500.48,0,1,1,1
Puu_lehtipuu,24489633.34,0,6817866.66,0,1,1,1
Puu_lehtipuu,24488365.86,0,6817718.139,0,1,1,1
Puu_lehtipuu,24488847.49,0,6817850.509,0,1,1,1
Puu_lehtipuu,24489137.33,98.574547,6817919.67,0,2,2,2
Puu_lehtipuu,24488366.26,0,6817730.745,0,1,1,1
Puu_lehtipuu,24488844.74,0,6817844.256,0,1,1,1
Puu_lehtipuu,24489148.32,97.807549,6817928.68,0,2,2,2
Puu_lehtipuu,24488389.07,0,6817716.928,0,1,1,1
Puu_lehtipuu,24488837.22,0,6817842.777,0,1,1,1
Puu_lehtipuu,24489093.6,94.28157,6817966.4,0,2,2,2
Puu_lehtipuu,24488394.71,0,6817711.286,0,1,1,1
Puu_lehtipuu,24488841.42,0,6817838.583,0,1,1,1
Puu_lehtipuu,24489076.03,94.084572,6817977.97,0,2,2,2
Puu_lehtipuu,24488403.15,0,6817712.855,0,1,1,1
Puu_lehtipuu,24488838.09,0,6817833.912,0,1,1,1
Puu_lehtipuu,24489068.61,93.953575,6817982.39,0,2,2,2
Puu_lehtipuu,24488424.45,0,6817717.555,0,1,1,1
Puu_lehtipuu,24488833.8,0,6817836.204,0,1,1,1
Puu_lehtipuu,24489065.97,93.709579,6817984.03,0,2,2,2
Puu_lehtipuu,24488423.98,0,6817711.021,0,1,1,1
Puu_lehtipuu,24488830.97,0,6817830.03,0,1,1,1
Puu_lehtipuu,24489058.79,93.405579,6817989.21,0,2,2,2
Puu_lehtipuu,24488436.62,0,6817727.379,0,1,1,1
Puu_lehtipuu,24488835.82,0,6817827.179,0,1,1,1
Puu_lehtipuu,24489054.28,93.113586,6817994.72,0,2,2,2
Puu_lehtipuu,24488444.68,0,6817734.322,0,1,1,1
Puu_lehtipuu,24488450.57,0,6817737.427,0,1,1,1
Puu_lehtipuu,24488453.38,0,6817743.616,0,1,1,1
Puu_lehtipuu,24488445.37,0,6817746.631,0,1,1,1
Puu_lehtipuu,24488851.47,0,6817850.53,0,1,1,1
Puu_lehtipuu,24488446.32,0,6817756.683,0,1,1,1
Puu_lehtipuu,24488855.43,0,6817847.566,0,1,1,1
Puu_lehtipuu,24488412.76,0,6817771.244,0,1,1,1
Puu_lehtipuu,24489737.74,0,6817563.26,0,1,1,1
Puu_lehtipuu,24488413.96,0,6817768.04,0,1,1,1
Puu_lehtipuu,24489733.71,0,6817554.29,0,1,1,1
Puu_lehtipuu,24488419.37,0,6817768.634,0,1,1,1
Puu_lehtipuu,24489728.18,0,6817553.82,0,1,1,1
Puu_lehtipuu,24488447.98,0,6817661.019,0,1,1,1
Puu_lehtipuu,24489723.09,0,6817553.91,0,1,1,1
Puu_lehtipuu,24488392.44,0,6817759.557,0,1,1,1
Puu_lehtipuu,24489700.34,0,6817699.66,0,1,1,1
Puu_lehtipuu,24488392.57,0,6817752.428,0,1,1,1
Puu_lehtipuu,24489699.19,0,6817697.81,0,1,1,1
Puu_lehtipuu,24488391.73,0,6817745.274,0,1,1,1
Puu_lehtipuu,24489723.04,0,6817684.96,0,1,1,1
Puu_lehtipuu,24488388.12,0,6817750.877,0,1,1,1
Puu_lehtipuu,24489668.93,0,6817732.07,0,1,1,1
Puu_lehtipuu,24488358.71,0,6817779.295,0,1,1,1
Puu_lehtipuu,24488800.7,100.74762,6817767.305,0,2,2,2
Puu_lehtipuu,24489109.34,0,6817749.66,0,1,1,1
Puu_lehtipuu,24489060.15,0,6817686.85,0,1,1,1
Puu_lehtipuu,24489063.1,0,6817690.9,0,1,1,1
Puu_lehtipuu,24489066.47,0,6817696.53,0,1,1,1
Puu_lehtipuu,24489069.15,0,6817702.85,0,1,1,1
Puu_lehtipuu,24489072.38,0,6817707.62,0,1,1,1
Puu_lehtipuu,24489076.21,0,6817713.79,0,1,1,1
Puu_lehtipuu,24489082.06,0,6817712.94,0,1,1,1
Puu_lehtipuu,24489088.59,0,6817717.41,0,1,1,1
Puu_lehtipuu,24489096.63,0,6817713.37,0,1,1,1
Puu_lehtipuu,24489100.03,0,6817705.97,0,1,1,1
Puu_lehtipuu,24489094.75,0,6817688.25,0,1,1,1
Puu_lehtipuu,24489090.89,0,6817680.11,0,1,1,1
Puu_lehtipuu,24488311.04,0,6817815.957,0,1,1,1
Puu_lehtipuu,24488320.1,0,6817809.902,0,1,1,1
Puu_havupuu,24488875.51,103.64961,6817866.486,0,2,2,2
Puu_havupuu,24488837.9,102.11662,6817887.103,0,2,2,2
Puu_lehtipuu,24489080.34,0,6817359.66,0,1,1,1
Puu_lehtipuu,24489081.49,0,6817363.51,0,1,1,1
Puu_lehtipuu,24489714.47,0,6817874.53,0,1,1,1
Puu_lehtipuu,24489083.86,0,6817367.14,0,1,1,1
Puu_lehtipuu,24489710.09,0,6817875.91,0,1,1,1
Puu_lehtipuu,24489088.99,0,6817367.01,0,1,1,1
Puu_lehtipuu,24489838.52,0,6817824.48,0,1,1,1
Puu_lehtipuu,24489094.93,0,6817358.07,0,1,1,1
Puu_lehtipuu,24489845.07,0,6817821.93,0,1,1,1
Puu_lehtipuu,24489104.05,0,6817389.95,0,1,1,1
Puu_lehtipuu,24489852.02,0,6817817.98,0,1,1,1
Puu_lehtipuu,24489105.69,0,6817391.31,0,1,1,1
Puu_lehtipuu,24489857.36,0,6817815.64,0,1,1,1
Puu_lehtipuu,24489111.24,0,6817396.76,0,1,1,1
Puu_lehtipuu,24489853.03,0,6817807.97,0,1,1,1
Puu_lehtipuu,24488764.74,0,6817247.263,0,1,1,1
Puu_lehtipuu,24489113.53,0,6817399.47,0,1,1,1
Puu_lehtipuu,24489858.12,0,6817804.88,0,1,1,1
Puu_lehtipuu,24488238.07,0,6817768.933,0,1,1,1
Puu_lehtipuu,24488769.25,0,6817245.754,0,1,1,1
Puu_lehtipuu,24489114.95,0,6817400.05,0,1,1,1
Puu_lehtipuu,24489833.28,0,6817782.72,0,1,1,1
Puu_lehtipuu,24488241.59,0,6817777.406,0,1,1,1
Puu_lehtipuu,24488665.91,0,6817221.091,0,1,1,1
Puu_lehtipuu,24489116.73,0,6817402.27,0,1,1,1
Puu_lehtipuu,24489827.01,0,6817779.99,0,1,1,1
Puu_lehtipuu,24488289.78,0,6817766.221,0,1,1,1
Puu_lehtipuu,24488667.17,0,6817220.826,0,1,1,1
Puu_lehtipuu,24489119.46,0,6817406.54,0,1,1,1
Puu_lehtipuu,24489891.48,0,6817809.52,0,1,1,1
Puu_lehtipuu,24488295.24,0,6817766.759,0,1,1,1
Puu_lehtipuu,24488668.72,0,6817220.284,0,1,1,1
Puu_lehtipuu,24489083.77,0,6817383.23,0,1,1,1
Puu_lehtipuu,24489896.51,0,6817810.49,0,1,1,1
Puu_lehtipuu,24488293.46,0,6817761.541,0,1,1,1
Puu_lehtipuu,24488667.28,0,6817218.717,0,1,1,1
Puu_lehtipuu,24489088.13,0,6817392.87,0,1,1,1
Puu_lehtipuu,24489895.4,0,6817806.6,0,1,1,1
Puu_lehtipuu,24488288.28,0,6817762.724,0,1,1,1
Puu_lehtipuu,24488665.72,0,6817219.284,0,1,1,1
Puu_lehtipuu,24489916.79,0,6817830.21,0,1,1,1
Puu_lehtipuu,24488292.46,0,6817757.544,0,1,1,1
Puu_lehtipuu,24488630.77,0,6817197.232,0,1,1,1
Puu_lehtipuu,24489087.01,0,6817398.99,0,1,1,1
Puu_lehtipuu,24489915.94,0,6817824.06,0,1,1,1
Puu_lehtipuu,24488297.48,0,6817756.522,0,1,1,1
Puu_lehtipuu,24488637.38,0,6817191.622,0,1,1,1
Puu_lehtipuu,24488963.49,0,6817361.515,0,1,1,1
Puu_lehtipuu,24489933.26,0,6817815.74,0,1,1,1
Puu_lehtipuu,24488303.22,0,6817755.779,0,1,1,1
Puu_lehtipuu,24488637.33,0,6817236.668,0,1,1,1
Puu_lehtipuu,24488971.29,0,6817362.711,0,1,1,1
Puu_lehtipuu,24489938.09,0,6817816.91,0,1,1,1
Puu_lehtipuu,24488310.37,0,6817756.634,0,1,1,1
Puu_lehtipuu,24488925.92,0,6817186.085,0,1,1,1
Puu_lehtipuu,24489939.58,0,6817824.42,0,1,1,1
Puu_lehtipuu,24488315.09,0,6817760.909,0,1,1,1
Puu_lehtipuu,24488928.88,0,6817185.117,0,1,1,1
Puu_lehtipuu,24489949.16,0,6817808.84,0,1,1,1
Puu_lehtipuu,24488315.6,0,6817768.405,0,1,1,1
Puu_havupuu,24488938.3,0,6817141.701,0,1,1,1
Puu_lehtipuu,24489937.42,0,6817776.58,0,1,1,1
Puu_lehtipuu,24488315.46,0,6817778.54,0,1,1,1
Puu_lehtipuu,24488977.88,0,6817232.118,0,1,1,1
Puu_lehtipuu,24489940.94,0,6817777.06,0,1,1,1
Puu_lehtipuu,24488318.1,0,6817780.898,0,1,1,1
Puu_lehtipuu,24488979.53,0,6817242.468,0,1,1,1
Puu_lehtipuu,24489942.9,0,6817782.1,0,1,1,1
Puu_lehtipuu,24488330.06,0,6817784.945,0,1,1,1
Puu_lehtipuu,24488984.27,0,6817246.735,0,1,1,1
Puu_lehtipuu,24489946.9,0,6817782.1,0,1,1,1
Puu_lehtipuu,24488327.18,0,6817782.816,0,1,1,1
Puu_lehtipuu,24488480.02,0,6817905.977,0,1,1,1
Puu_lehtipuu,24488980.33,0,6817248.666,0,1,1,1
Puu_lehtipuu,24489950.97,0,6817783.03,0,1,1,1
Puu_lehtipuu,24488324.19,0,6817780.806,0,1,1,1
Puu_lehtipuu,24488473.48,0,6817903.519,0,1,1,1
Puu_lehtipuu,24488976.3,0,6817250.703,0,1,1,1
Puu_lehtipuu,24489954.58,0,6817784.42,0,1,1,1
Puu_lehtipuu,24488322.16,0,6817782.839,0,1,1,1
Puu_lehtipuu,24488476.15,0,6817899.853,0,1,1,1
Puu_lehtipuu,24488972.11,0,6817252.889,0,1,1,1
Puu_lehtipuu,24489950.68,0,6817779.32,0,1,1,1
Puu_lehtipuu,24488324.99,0,6817785.008,0,1,1,1
Puu_lehtipuu,24488503.91,0,6817893.088,0,1,1,1
Puu_lehtipuu,24488968.32,0,6817254.684,0,1,1,1
Puu_lehtipuu,24489947.41,0,6817778.59,0,1,1,1
Puu_lehtipuu,24488327.86,0,6817786.137,0,1,1,1
Puu_lehtipuu,24488513.67,0,6817890.326,0,1,1,1
Puu_lehtipuu,24488963.57,0,6817256.431,0,1,1,1
Puu_lehtipuu,24488330.23,0,6817788.769,0,1,1,1
Puu_lehtipuu,24488501.14,0,6817881.858,0,1,1,1
Puu_lehtipuu,24488958.87,0,6817258.127,0,1,1,1
Puu_lehtipuu,24488934.11,103.348,6817718.89,0,2,2,2
Puu_lehtipuu,24488080.66,99.114998,6817836.341,0,2,2,2
Puu_lehtipuu,24488077.14,99.324997,6817830.859,0,2,2,2
Puu_lehtipuu,24488076.38,99.638,6817823.623,0,2,2,2
Puu_lehtipuu,24488076.06,99.891998,6817815.94,0,2,2,2
Puu_lehtipuu,24488075.25,100.125,6817808.748,0,2,2,2
Puu_lehtipuu,24488077.82,100.406,6817801.179,0,2,2,2
Puu_lehtipuu,24488097.58,99.695999,6817831.421,0,2,2,2
Puu_lehtipuu,24488094.31,99.652,6817831.695,0,2,2,2
Puu_lehtipuu,24488114.17,100.07,6817827.831,0,2,2,2
Puu_lehtipuu,24488111.25,100.008,6817828.754,0,2,2,2
Puu_lehtipuu,24488126.75,100.117,6817824.246,0,2,2,2
Puu_lehtipuu,24488148.53,100.294,6817820.471,0,2,2,2
Puu_lehtipuu,24488161.24,100.454,6817818.756,0,2,2,2
Puu_lehtipuu,24488164.44,100.526,6817817.559,0,2,2,2
Puu_lehtipuu,24488036.65,101.669,6817759.349,0,2,2,2
Puu_lehtipuu,24488036.57,101.68,6817753.433,0,2,2,2
Puu_lehtipuu,24488036.34,101.775,6817747.656,0,2,2,2
Puu_lehtipuu,24488038.25,102.083,6817728.751,0,2,2,2
Puu_lehtipuu,24488050.31,101.885,6817727.693,0,2,2,2
Puu_lehtipuu,24488055.29,101.939,6817726.709,0,2,2,2
Puu_lehtipuu,24488076.9,100.652,6817792.101,0,2,2,2
Puu_lehtipuu,24488073.4,100.951,6817781.6,0,2,2,2
Puu_lehtipuu,24488072.68,101.11,6817774.319,0,2,2,2
Puu_lehtipuu,24488072.06,101.264,6817767.942,0,2,2,2
Puu_lehtipuu,24488071.46,101.361,6817759.54,0,2,2,2
Puu_lehtipuu,24488070.81,101.524,6817752.195,0,2,2,2
Puu_lehtipuu,24488070.03,101.563,6817744.972,0,2,2,2
Puu_lehtipuu,24488069.59,101.569,6817737.407,0,2,2,2
Puu_lehtipuu,24488068.81,101.739,6817729.195,0,2,2,2
Puu_lehtipuu,24488043.65,100.771,6817792.354,0,2,2,2
Puu_lehtipuu,24488039.12,100.794,6817793.883,0,2,2,2
Puu_lehtipuu,24488095.28,100.413,6817799.72,0,2,2,2
Puu_lehtipuu,24488091.13,100.414,6817800.872,0,2,2,2
Puu_lehtipuu,24488107.85,100.485,6817798.148,0,2,2,2
Puu_lehtipuu,24488112.12,100.453,6817798.876,0,2,2,2
Puu_lehtipuu,24488124.51,100.475,6817797.494,0,2,2,2
Puu_lehtipuu,24488146.02,100.631,6817795.976,0,2,2,2
Puu_lehtipuu,24488158.86,100.73,6817794.144,0,2,2,2
Puu_lehtipuu,24488162.97,100.773,6817793.033,0,2,2,2
Puu_lehtipuu,24488175.78,100.973,6817792.223,0,2,2,2
Puu_lehtipuu,24488180.03,100.995,6817792.973,0,2,2,2
Puu_lehtipuu,24488179.16,101.075,6817783.839,0,2,2,2
Puu_lehtipuu,24488174.76,101.042,6817784.245,0,2,2,2
Puu_lehtipuu,24488162.4,100.822,6817785.603,0,2,2,2
Puu_lehtipuu,24488158.08,100.833,6817785.917,0,2,2,2
Puu_lehtipuu,24488145.67,100.72,6817786.33,0,2,2,2
Puu_lehtipuu,24488141.12,100.691,6817786.885,0,2,2,2
Puu_lehtipuu,24488128.13,100.655,6817787.875,0,2,2,2
Puu_lehtipuu,24488124.17,100.76,6817788.828,0,2,2,2
Puu_lehtipuu,24488111.58,100.676,6817789.419,0,2,2,2
Puu_lehtipuu,24488107.19,100.676,6817789.812,0,2,2,2
Puu_lehtipuu,24488094.45,100.635,6817790.554,0,2,2,2
Puu_lehtipuu,24488090.28,100.672,6817791.721,0,2,2,2
Puu_lehtipuu,24488084.21,101.903,6817721.792,0,2,2,2
Puu_lehtipuu,24488088.76,101.903,6817721.237,0,2,2,2
Puu_lehtipuu,24488101.23,101.918,6817720.773,0,2,2,2
Puu_lehtipuu,24488105.75,101.898,6817719.247,0,2,2,2
Puu_lehtipuu,24488118.19,102.045,6817718.808,0,2,2,2
Puu_lehtipuu,24488135.14,101.736,6817717.861,0,2,2,2
Puu_lehtipuu,24488139.61,101.744,6817716.389,0,2,2,2
Puu_lehtipuu,24488151.88,101.616,6817715.119,0,2,2,2
Puu_lehtipuu,24488168.99,101.584,6817714.008,0,2,2,2
Puu_lehtipuu,24488174.07,101.665,6817716.931,0,2,2,2
Puu_lehtipuu,24488157.92,101.609,6817729.076,0,2,2,2
Puu_lehtipuu,24488020.94,100.846,6817821.061,0,2,2,2
Puu_lehtipuu,24488023.25,100.637,6817822.751,0,2,2,2
Puu_lehtipuu,24488025.69,100.505,6817824.308,0,2,2,2
Puu_lehtipuu,24488027.97,100.39,6817825.035,0,2,2,2
Puu_lehtipuu,24488030.95,100.215,6817827.052,0,2,2,2
Puu_lehtipuu,24488033.8,100.119,6817828.202,0,2,2,2
Puu_lehtipuu,24488036.43,99.916,6817830.571,0,2,2,2
Puu_lehtipuu,24488039.27,99.818001,6817831.728,0,2,2,2
Puu_lehtipuu,24488041.84,99.764999,6817833.158,0,2,2,2
Puu_lehtipuu,24488044.63,99.587997,6817834.369,0,2,2,2
Puu_lehtipuu,24488047.56,99.549004,6817836.438,0,2,2,2
Puu_lehtipuu,24488050.19,99.484001,6817837.807,0,2,2,2
Puu_lehtipuu,24488052.92,99.421997,6817838.078,0,2,2,2
Puu_lehtipuu,24488791.24,94.816002,6817986.764,0,2,2,2
Puu_lehtipuu,24488799.33,94.788002,6817986.672,0,2,2,2
Puu_lehtipuu,24488808.13,94.842003,6817985.872,0,2,2,2
Puu_lehtipuu,24489023.95,102.926,6817894.05,0,2,2,2
Puu_lehtipuu,24488294.85,98.419731,6817908.148,0,2,2,2
Puu_lehtipuu,24488289.7,98.168732,6817877.298,0,2,2,2
Puu_lehtipuu,24489172.67,98.414536,6817912.33,0,2,2,2
Puu_lehtipuu,24488598.65,125.81758,6816996.35,0,2,2,2
Puu_lehtipuu,24489155.98,98.227547,6817923.02,0,2,2,2
Puu_lehtipuu,24489124.41,97.137558,6817954.59,0,2,2,2
Puu_lehtipuu,24489200.43,99.654526,6817877.57,0,2,2,2
Puu_lehtipuu,24488829.61,94.943634,6817986.393,0,2,2,2
Puu_havupuu,24489113.43,96.697563,6817955.57,0,2,2,2
Puu_havupuu,24489173.26,101.26753,6817873.74,0,2,2,2
Puu_lehtipuu,24489210.83,99.800522,6817871.17,0,2,2,2
Puu_havupuu,24488881.76,101.48561,6817845.244,0,2,2,2
Puu_havupuu,24489599.03,97.536369,6817485.97,0,2,2,2
Puu_havupuu,24489106.12,101.42756,6817924.88,0,2,2,2
Puu_havupuu,24489090.22,96.077568,6817946.78,0,2,2,2
Puu_lehtipuu,24489137.67,97.88755,6817936.33,0,2,2,2
Puu_lehtipuu,24489128.98,97.32856,6817961.02,0,2,2,2
Puu_lehtipuu,24488581.32,125.84959,6817005.681,0,2,2,2
Puu_havupuu,24489234.26,98.799515,6817869.74,0,2,2,2
Puu_lehtipuu,24488343.25,100.50471,6817843.749,0,2,2,2
Puu_lehtipuu,24488340.88,100.58472,6817832.119,0,2,2,2
Puu_lehtipuu,24488337.58,101.38471,6817817.419,0,2,2,2
Puu_lehtipuu,24488331.74,101.42171,6817804.259,0,2,2,2
Puu_havupuu,24488326.4,101.16271,6817808.599,0,2,2,2
Puu_lehtipuu,24488432.69,109.06667,6817604.311,0,2,2,2
Puu_lehtipuu,24488440.21,110.53667,6817601.791,0,2,2,2
Puu_lehtipuu,24488293.81,98.183731,6817897.188,0,2,2,2
Puu_lehtipuu,24488290.39,98.108727,6817884.608,0,2,2,2
Puu_lehtipuu,24489144.74,97.974548,6817930.26,0,2,2,2
Puu_lehtipuu,24489128.44,97.561554,6817958.56,0,2,2,2
Puu_havupuu,24488277.69,122.23869,6817436.307,0,2,2,2
Puu_lehtipuu,24489211.15,100.21552,6817867.85,0,2,2,2
Puu_lehtipuu,24488638.44,125.30657,6816998.559,0,2,2,2
Puu_lehtipuu,24489115.74,99.159561,6817927.26,0,2,2,2
Puu_lehtipuu,24489123.99,97.209557,6817952.01,0,2,2,2
Puu_lehtipuu,24489169.36,98.616539,6817913.64,0,2,2,2
Puu_lehtipuu,24488587.94,125.31358,6817023.062,0,2,2,2
Puu_havupuu,24488891.34,102.54561,6817840.657,0,2,2,2
Puu_lehtipuu,24488837.66,95.322632,6817961.343,0,2,2,2
Puu_lehtipuu,24488829.88,95.105629,6817977.123,0,2,2,2
Puu_lehtipuu,24488825.88,94.679634,6817988.123,0,2,2,2
Puu_lehtipuu,24489119.1,97.973557,6817932.9,0,2,2,2
Puu_lehtipuu,24489132.97,97.845551,6817939.03,0,2,2,2
Puu_lehtipuu,24489163.21,98.567543,6817918.79,0,2,2,2
Puu_lehtipuu,24488584.66,125.50159,6817014.337,0,2,2,2
Puu_lehtipuu,24489225.48,99.841515,6817861.52,0,2,2,2
Puu_lehtipuu,24489228.16,100.04352,6817857.84,0,2,2,2
Puu_havupuu,24488895.22,102.3786,6817837.781,0,2,2,2
Puu_havupuu,24488893.96,103.22761,6817850.042,0,2,2,2
Puu_havupuu,24489595.59,97.512367,6817481.41,0,2,2,2
Puu_lehtipuu,24489108.04,99.025558,6817931.96,0,2,2,2
Puu_havupuu,24489112.19,96.697563,6817957.81,0,2,2,2
Puu_lehtipuu,24489167.23,99.395538,6817899.77,0,2,2,2
Puu_lehtipuu,24488593.56,124.90159,6817038.436,0,2,2,2
Puu_lehtipuu,24488613.6,125.87958,6816991.404,0,2,2,2
Puu_lehtipuu,24488344.53,100.58172,6817849.469,0,2,2,2
Puu_lehtipuu,24488341.79,100.53671,6817837.209,0,2,2,2
Puu_lehtipuu,24488338.84,100.86172,6817823.159,0,2,2,2
Puu_lehtipuu,24488335.12,101.44171,6817811.879,0,2,2,2
Puu_lehtipuu,24488330.67,101.42471,6817806.329,0,2,2,2
Puu_havupuu,24488325.4,101.05872,6817806.598,0,2,2,2
Puu_lehtipuu,24488436.68,109.73567,6817602.321,0,2,2,2
Puu_lehtipuu,24488289.92,97.850731,6817893.078,0,2,2,2
Puu_lehtipuu,24489106.56,96.093567,6817960.44,0,2,2,2
Puu_lehtipuu,24488590.91,125.07658,6817031.089,0,2,2,2
Puu_havupuu,24488274.76,121.65069,6817443.243,0,2,2,2
Puu_lehtipuu,24489179.69,99.956535,6817890.31,0,2,2,2
Puu_lehtipuu,24488635.41,125.61958,6816989.593,0,2,2,2
Puu_lehtipuu,24488837.38,95.180626,6817971.623,0,2,2,2
Puu_lehtipuu,24488835.02,94.559631,6817989.983,0,2,2,2
Puu_lehtipuu,24489160.72,99.342545,6817902.28,0,2,2,2
Puu_lehtipuu,24488629.91,125.82257,6816984.095,0,2,2,2
Puu_lehtipuu,24488345.7,100.49872,6817855.299,0,2,2,2
Puu_havupuu,24488891.26,103.66761,6817857.737,0,2,2,2
Puu_lehtipuu,24490191.34,0,6817857.66,0,1,1,1
Puu_lehtipuu,24490195.43,0,6817854.57,0,1,1,1
Puu_lehtipuu,24490183.55,0,6817857.45,0,1,1,1
Puu_lehtipuu,24490181.41,0,6817855.59,0,1,1,1
Puu_lehtipuu,24490184.72,0,6817853.28,0,1,1,1
Puu_lehtipuu,24490176.85,0,6817853.15,0,1,1,1
Puu_lehtipuu,24490180.56,0,6817850.44,0,1,1,1
Puu_lehtipuu,24490181,0,6817845,0,1,1,1
Puu_lehtipuu,24490179.02,0,6817845.98,0,1,1,1
Puu_lehtipuu,24490156.76,0,6817927.24,0,1,1,1
Puu_lehtipuu,24490184.03,0,6817874.97,0,1,1,1
Puu_lehtipuu,24490183.36,0,6817859.64,0,1,1,1
Puu_lehtipuu,24490191.71,0,6817861.29,0,1,1,1
Puu_lehtipuu,24490198.8,0,6817870.2,0,1,1,1
Puu_lehtipuu,24490196.72,0,6817860.28,0,1,1,1
Puu_lehtipuu,24490200.5,0,6817859.5,0,1,1,1
Puu_lehtipuu,24490202,0,6817863,0,1,1,1
Puu_lehtipuu,24490202.51,0,6817867.49,0,1,1,1
Puu_lehtipuu,24490203.88,0,6817871.12,0,1,1,1
Puu_lehtipuu,24490047.74,0,6817963.26,0,1,1,1
Puu_lehtipuu,24490059.55,0,6817919.45,0,1,1,1
Puu_lehtipuu,24490062.32,0,6817917.68,0,1,1,1
Puu_lehtipuu,24490062.73,0,6817879.27,0,1,1,1
